Workbook

Sheet Senior
A1: Anh, chị Interviewer vui lòng fill thông tin vào các ô màu xanh lá cây | E1: =25/2 -> 12.5
A2: INTERVIEW CHECK LIST
A3: Candidate name
A4: Interviewer name
A5: # | B5: Category | C5: Standard for 10 scores | D5: Description | E5: Score (1~10) | F5: Rate
A6: 1 | B6: Japanese | C6: Listening | D6: N3+ | E6: =IF(D6="N1",10,IF(D6="N1-",9.5,IF(D6="N2+",9,IF(D6="N2",8,IF(D6="N2-",7.5,IF(D6="N3+",7,IF(D6="N3",6,IF(D6="N3-",5,IF(D6="N4",4,IF(D6="N5",3,0)))))))))) -> 7 | F6: 0.125 | G6: =E6*F6 -> 0.875
C7: Speaking | D7: N3+ | E7: =IF(D7="N1",10,IF(D7="N1-",9.5,IF(D7="N2+",9,IF(D7="N2",8,IF(D7="N2-",7.5,IF(D7="N3+",7,IF(D7="N3",6,IF(D7="N3-",5,IF(D7="N4",4,IF(D7="N5",3,0)))))))))) -> 7 | F7: 0.125
C8: Writing | D8: N3+ | E8: =IF(D8="N1",10,IF(D8="N1-",9.5,IF(D8="N2+",9,IF(D8="N2",8,IF(D8="N2-",7.5,IF(D8="N3+",7,IF(D8="N3",6,IF(D8="N3-",5,IF(D8="N4",4,IF(D8="N5",3,0)))))))))) -> 7 | F8: 0.05
C9: Reading | D9: N3+ | E9: =IF(D9="N1",10,IF(D9="N1-",9.5,IF(D9="N2+",9,IF(D9="N2",8,IF(D9="N2-",7.5,IF(D9="N3+",7,IF(D9="N3",6,IF(D9="N3-",5,IF(D9="N4",4,IF(D9="N5",3,0)))))))))) -> 7 | F9: 0.05
A10: 2 | B10: English | C10: Intermediate | E10: =IF(C10="Elementary",2.5,IF(C10="Intermediate",5,IF(C10="Advanced",8,IF(C10="Proficiency",10,0)))) -> 5 | F10: 0.05 | G10: =E10*F10 -> 0.25
A11: 3 | B11: Education | C11: ĐH | D11: Ghi rõ tên tất cả các trường đã TN và năm TN | E11: =IF(C12=Reference!#REF!,Reference!#REF!,IF(C12=Reference!#REF!,Reference!#REF!,IF(Senior!C12=Reference!#REF!,Reference!#REF!,IF(Senior!C12=Reference!#REF!,Reference!#REF!,IF(C12=Reference!#REF!,Reference!#REF!,IF(C12=Reference!#REF!,Reference!#REF!,IF(C12=Reference!#REF!,Reference!#REF!,0))))))) -> #REF! | F11: 0.05 | G11: =E11*F11 -> #REF!
A12: 4 | B12: IT Experience | C12: 5~8yrs | D12: Ghi chính xác số năm kinh nghiệm trong lĩnh vực IT | G12: =E11*F12 -> #REF!
A13: 5 | B13: Working experience in Japan | C13: <1y | D13: Ghi chính xác số năm kinh nghiệm làm việc ở Nhật | E13: =IF(C13=Reference!#REF!,Reference!#REF!,IF(C13=Reference!#REF!,Reference!#REF!,IF(Senior!C13=Reference!#REF!,Reference!#REF!,IF(Senior!C13=Reference!#REF!,Reference!#REF!,IF(C13=Reference!#REF!,Reference!#REF!,IF(C13=Reference!#REF!,Reference!#REF!,IF(C13=Reference!#REF!,Reference!#REF!,0))))))) -> #REF! | F13: 0.05 | G13: =E13*F13 -> #REF!
A14: 6 | B14: Technical skill (Hardskill/ Professionals/ Experience/Techical Skills/ Process) | C14: Position | D14: Ghi rõ position đã làm, số năm kinh nghiệm. VD 3 năm code, 2 năm test UT, IT,ST, test design, 1 năm PM size 5 members, 1 năm Basic Design bằng tiếng Nhật, 1 năm Detail Design bằng tiếng Anh, 1 năm BA… Các nhận xét khác của interviewer | E14: =E16*10%+E17*50%+E18*20%+E19*20%+E20+E21 -> #REF! | F14: 0.35 | G14: =E14*F14 -> #REF!
C15: Programing Language | D15: Ghi rõ ngôn ngữ đã làm thật trong dự án và số năm kinh nghiệm. VD - Java: Dev3, 2 năm Java front end Springs, - dotNET: Dev2, 2 năm web - Python: Dev1 - Oracle làm nhiều, MySQL ít. Ghi rõ kinh nghiệm ở các domain, VD 3 năm Cobol dự án chứng khoán, 2 năm Qt dự án Car Navigation... Ghi rõ khả năng làm được BD, DD, bằng tiếng Nhật hay tiếng Anh, kinh nghiệm bao lâu Các nhận xét khác của interviewer
A16: 7 | B16: Job rank assessed by Interviewer | C16: Management - Job rank | D16: PM1 | E16: =VLOOKUP(D16,Reference!#REF!,2,0) -> #REF!
C17: BrSE- Job rank | D17: BrSE0 | E17: =VLOOKUP(D17,Reference!#REF!,2,0) -> #REF!
C18: SE/Dev/Test -Job rank | D18: Dev3 | E18: =VLOOKUP(D18,Reference!#REF!,2,0) -> #REF!
C19: BA/Comtor - Job rank | D19: BA1 | E19: =VLOOKUP(D19,Reference!#REF!,2,0) -> #REF!
C20: Writing Basic Design by Japanese | D20: 0 year | E20: =VLOOKUP(D20,Reference!#REF!,2,FALSE) -> #REF!
C21: Writing Detail Design by Japanese | D21: 0 year | E21: =VLOOKUP(D21,Reference!#REF!,2,FALSE) -> #REF!
A22: 8 | B22: Soft Skill | C22: Presentation/Communication Skills | D22: Ghi rõ nhận xét của interviewer. Thang điểm 10 | E22: 5 | F22: 0.03 | G22: =E22*F22 -> 0.15
C23: Learning Ability/Adaptable Ability | D23: Ghi rõ nhận xét của interviewer. Thang điểm 10 | E23: 5 | F23: 0.02 | G23: =E23*F23 -> 0.1
C24: Ability to handle pressure at work | D24: Ghi rõ nhận xét của interviewer. Thang điểm 10 | E24: 5 | F24: 0.02 | G24: =E24*F24 -> 0.1
A25: 9 | B25: Plus point | C25: Working location | D25: Làm việc ở vùng nào cũng được 10 điểm. Ghi rõ địa điểm có thể làm việc được | E25: 5 | F25: 0.03 | G25: =E25*F25 -> 0.15
C26: Experience of working in FSOFT | D26: Ghi rõ số năm và chi tiết kinh nghiệm làm việc tại FSOFT | E26: 5 | F26: 0.03 | G26: =E26*F26 -> 0.15
C27: Valuable skill | D27: Ghi rõ skil hiếm hoặc khó hoặc có mặt bằng lương cao mà ứng viên sở hữu. VD Python, Ruby, Machine Learning… | E27: 5 | F27: 0.02 | G27: =E27*F27 -> 0.1
A28: Total score | E28: =E6*F6+E7*F7+E8*F8+E9*F9+E10*F10+E11*F11+E13*F13+E14*F14+E22*F22+E23*F23+E24*F24+E25*F25+E26*F26+E27*F27 -> #REF! | F28: =SUM(F6:F27) -> 1
A29: Conclusion | E29: =IF(E28<5,"FAIL",IF(E28>6,"PASS","CONSIDER")) -> #REF!
A30: Reference Information
A31: 10 | B31: Current resident address | C31: Ghi rõ nơi ở hiện tại của ứng viên, vd Đà Nẵng, Nagoya…
A32: 11 | B32: Visa status | C32: Chú ý nếu UV không có bằng ĐH thì phải hỏi có chứng chỉ FE hoặc 10 năm kinh nghiệm IT không?
A33: 12 | B33: Start date | C33: Ngày ứng vien có thể bắt đầu làm việc nếu pass
A34: 13 | B34: Family status | C34: Tình trạng gia đình, vd vợ đang đi làm ở Hàn, 2 con ở VN với ông bà
A35: 14 | B35: Japanese moving expectation | C35: Mong muốn sang Nhật bao lâu, vd muốn sang Nhật 3 năm, vợ con vẫn ở VN hoặc muốn định cư cả gia đình tại Nhật…
A36: 15 | B36: Position exepectation | C36: Vị trí mong muốn, vd BrSE theo hướng có offshore hoặc SE focus vào kỹ thuật mới hoặc chỉ muốn làm trong lĩnh vực tài chính…
A37: 16 | B37: Mức lương mong muốn

Sheet Guideline
A1: Interview checklist template
A2: Overview | B2: Links
A3: Interview checklist template ,là phiếu đánh ghi lại toàn bộ quá trình phỏng vấn giữa ứng viên và interviewer, đánh giá năng lực ứng viên thông qua các thông tin đã được phỏng vấn, xếp năng lực ứng viên phù hợp với Job rank của Fsoft
A4: 1. Interview check list | B4: Click here
A5: Interview check list là các mục bắt buộc phải hỏi và đánh giá khi interviewer thực hiện cuộc phỏng vấn với ứng viên Information : Các thông tin cơ bản về ứng viên ( tên, trường,... job ứng tuyển, Rank...) - Applied Position : Vị trí ứng tuyển( DEV, Test, BA...) interviewer lựachọn trong Box bên cạnh - Job level : Rank 1, Rank 2, Rank 3… tương đương phân loại rank ứng viền ( Ví dụ : ứng viên ứng tuyển rank DEV, Rank 1 => DEV1 Interview Evaluation: Đánh giá cho điểm theo trọng số và xếp job rank cho ứng, kết quả chốt Pass/ fail/ consider - Rate : Trọng số theo quy định công ty - Score : Thang điểm 1 - 10 , interview cho điểm ứng viên theo thang điểm này - Language : Chọn trong Box hiển thị ngôn ngữ cần đánh giá - Please select certification : liệt kê các chứng chỉ và các giải thưởng nếu có - Techical skill : phỏng vấn theo cấu trúc từ dễ đến khó ( must have , Nice Have ) theo từng domain - Job rank assesed : xếp loại ứng viên tương ứng phù hợp với RAnk của Fsoft (( ví dụ DEV1, DEv2...) - Total score : điểm sẽ tự động và xếp loại pass/fail/consider
A6: Reference information
A7: - Salary expectation : Câu hỏi dành riêng cho FWA - Các Câu hỏi còn lại Interviewer phỏng vấn
A8: 2. Techinterview Interviewer ghi lại câu hỏi và trả lời của ứng viên trong quá trình phỏng vấn | B8: Click here
A9: 3.InterviewBank Ngân hàng câu hỏi cho interviewer tham khảo | B9: Click here
A10: 4. Certificate list List ra các chứng chỉ, bằng cấp và giải thưởng mà ứng viên đạt được | B10: Click here

Sheet InterviewCheckList
A1: Interviewer - please input into pink cells
A2: RECer - please input into yellow cells
A3: Các ô có màu vàng và hồng nghĩa là chưa fill đầy đủ thông tin
A4: INTERVIEW CHECK LIST
A5: Information
A6: Applied Position | Q6: Interview Unit
A7: Job level | H7: Junior | Q7: Interviewer
A8: Candidate | Q8: Interview Date | AA8: Time
AA9: Date
A10: Education | H10: University 1: | AA10: Graduated scores
H11: University 2: | AA11: Year of birth
B12: Previous companies
A15: Interview Evaluation
A16: # | B16: Category | H16: Sub-category | Q16: Detail Evaluation | AI16: Rate | AM16: Proficiency
A17: 1 | B17: Background | H17: Tốt nghiệp trường đại học | Q17: Top1: ĐH Bách Khoa HN, ĐH Công nghệ - ĐHQGHN, HV CN Bưu Chính Viễn thông, Đại học FPT, các trường Đại học ở nước ngoài. Top 2: ĐH Công nghiệp HN, HV Kỹ thuật Quân sự, HV Kỹ thuật Mật mã, ĐH Thủy Lợi, ĐH Giao thông Vận tải, ĐH Hà Nội, ĐH Khoa học tự nhiên – ĐHQGHN, ĐH Mỏ Địa chất, ĐH Điện lực, ĐH Xây dựng, ĐH Mở. | AI17: 0.1 | AM17: Others | AP17: =AI17*VLOOKUP(AM17,Reference!G2:H4,2,0) -> 0.25
H18: Điểm GPA | Q18: - Xuất sắc: 3./4 trở lên - Giỏi: 3.0 --> 3.4 - Khá: 2.5 --> 3.0 - TB: dưới 2.5 | AI18: 0.1 | AM18: Xuất sắc | AP18: =AI18*VLOOKUP(AM18,Reference!$A$2:$B$5,2,0) -> 0.5
A19: 2 | B19: Methodology | H19: Logical thinking (Data structure & Algorithm) | AI19: 0.1 | AM19: 3 | AP19: =AI19*AM19 -> 0.3
A20: 3 | B20: Software Technology | H20: Database Fundamental | AI20: 0.12 | AM20: 4 | AP20: =AI20*AM20 -> 0.48
H21: Java Core/Fundamental | AI21: 0.22 | AM21: 4 | AP21: =AI21*AM21 -> 0.88
H22: Unit Test & Debug | AI22: 0.1 | AM22: 4 | AP22: =AI22*AM22 -> 0.4
H23: Common framework & development tool: Struts, Spring… | AI23: 0.1 | AM23: 4 | AP23: =AI23*AM23 -> 0.4
A24: 4 | B24: Soft skill | H24: Time Management | AI24: 0.05 | AM24: 4 | AP24: =AI24*AM24 -> 0.2
H25: Communication | AI25: 0.02 | AM25: 4 | AP25: =AI25*AM25 -> 0.08
H26: Problem solving | AI26: 0.02 | AM26: 4 | AP26: =AI26*AM26 -> 0.08
H27: Teamwork | AI27: 0.02 | AM27: 4 | AP27: =AI27*AM27 -> 0.08
A28: 5 | B28: Language | H28: English/Japanese | Q28: - Xuất sắc: Toeic >700, hoặc IELTS>6.0, JP: N2 - Giỏi: Toeic >650, hoặc IELTS>5.5, JP: N3 - Khá: Toeic >450, IELTS >5.0, JP: N4 - TB: còn lại | AI28: 0.05 | AM28: TB | AP28: =AI28*VLOOKUP(AM28,Reference!$A$2:$B$5,2,0) -> 0.1
A29: 6 | B29: Certifications | H29: Please select certification/kì thi quốc gia | Q29: - Đạt giải/có chứng chỉ quốc tế: trong các cuộc thi học thuật về lập trình, công nghệ, Olympic Tin học, ACM/ICPC hoặc tham gia đề tài nghiên cứu khoa học Đạt giải từ cấp trường Đại học trở lên. - Tham gia: vòng Chung kết trong các cuộc thi học thuật về lập trình, công nghệ, Olympic Tin học, ACM/ICPC hoặc tham gia đề tài nghiên cứu khoa học đạt giải từ cấp khoa trở lên - Không có gì | AI29: 0.1 | AM29: Đạt giải/Có chứng chỉ quốc tế | AP29: =AI29*VLOOKUP(AM29,Reference!C2:D4,2,0) -> 0.5
A30: Total score | AI30: =SUM(AP17:AP29) -> 4.25
A31: Assessed Job Rank | AI31: =IF(AI30+AI32>=4.8,"DEV02",IF(AI30+AI32>=2.8,"DEV01","DEV0")) -> DEV01 | AJ31: =IF(AJ30>5.4,"DEV06",IF(AJ30>5.1,"DEV05",IF(AJ30>4,"DEV04",IF(AJ30>3,"DEV03",IF(AJ30>2.5,"DEV02","F"))))) -> F | AK31: =IF(AK30>5.4,"DEV06",IF(AK30>5.1,"DEV05",IF(AK30>4,"DEV04",IF(AK30>3,"DEV03",IF(AK30>2.5,"DEV02","F"))))) -> F | AL31: =IF(AL30>5.4,"DEV06",IF(AL30>5.1,"DEV05",IF(AL30>4,"DEV04",IF(AL30>3,"DEV03",IF(AL30>2.5,"DEV02","F"))))) -> F | AM31: =IF(AM30>5.4,"DEV06",IF(AM30>5.1,"DEV05",IF(AM30>4,"DEV04",IF(AM30>3,"DEV03",IF(AM30>2.5,"DEV02","F"))))) -> F | AN31: =IF(AN30>5.4,"DEV06",IF(AN30>5.1,"DEV05",IF(AN30>4,"DEV04",IF(AN30>3,"DEV03",IF(AN30>2.5,"DEV02","F"))))) -> F | AO31: =IF(AO30>5.4,"DEV06",IF(AO30>5.1,"DEV05",IF(AO30>4,"DEV04",IF(AO30>3,"DEV03",IF(AO30>2.5,"DEV02","F"))))) -> F
A32: Bonus point | AH32: Bonus point | AI32: 0
A33: Reference Information
A34: 7 | B34: Start date
A35: 8 | B35: Position expectation
A36: 9 | B36: Candidate concern
A37: 10 | B37: Career path
A38: 11 | B38: Working location
A39: 12 | B39: FSOFT Experience
A40: 13 | B40: General Assessment

Sheet Reference
A1: GPA | C1: Certifications | E1: Tính điểm | G1: Background
A2: Xuất sắc | B2: 5 | C2: Đạt giải/Có chứng chỉ quốc tế | D2: 5 | E2: <2.8 | F2: Dev0 | G2: Top1 | H2: 5
A3: Giỏi | B3: 4 | C3: Tham gia | D3: 4 | E3: 3 --> 4.8 | F3: Dev1 | G3: Top2 | H3: 3.5
A4: Khá | B4: 3 | C4: Không có gì | D4: 0 | E4: >4.8 | F4: Dev2 | G4: Others | H4: 2.5
A5: TB | B5: 2
